{"cameraMode":{"drawMode":0,"name":"Shaded","section":"Shading Mode"},"sceneLighting":true,"audioPlay":false,"sceneViewState":{"m_AlwaysRefresh":false,"showFog":true,"showSkybox":true,"showFlares":true,"showImageEffects":true,"showParticleSystems":true,"showVisualEffectGraphs":true,"m_FxEnabled":true},"in2DMode":false,"pivot":{"x":920.3795166015625,"y":70.78597259521485,"z":-74.58843994140625},"rotation":{"x":0.09876328706741333,"y":-0.03968990221619606,"z":0.003952320199459791,"w":0.9943515062332153},"size":683.7184448242188,"orthographic":false}