{"cameraMode":{"drawMode":0,"name":"Shaded","section":"Shading Mode"},"sceneLighting":true,"audioPlay":false,"sceneViewState":{"m_AlwaysRefresh":false,"showFog":true,"showSkybox":true,"showFlares":true,"showImageEffects":true,"showParticleSystems":true,"showVisualEffectGraphs":true,"m_FxEnabled":true},"in2DMode":false,"pivot":{"x":15.248334884643555,"y":-3.3296337127685549,"z":-1.9828596115112305},"rotation":{"x":0.16053569316864015,"y":0.6769821643829346,"z":-0.1549404412508011,"w":0.7013951539993286},"size":7.1092753410339359,"orthographic":false}